reasoning_type,unique_elements,usage_entropy,usage_concentration,total_uses
counterfactual,65,3.684157183184562,0.07818930041152264,1458
systematic,75,3.833712940284315,0.08733333333333333,1500
abductive,64,3.5957969748932115,0.09361702127659574,1410
heuristic,59,3.6436033877450784,0.08839779005524862,1448
first-principles,74,3.860332469394917,0.074,1500
