Reasoning Type,Average Degree Centrality,Average Betweenness Centrality,Network Density,Number of Nodes,Number of Edges
counterfactual,0.19471153846153846,0.01937382399915539,0.19471153846153846,65,405
systematic,0.13477477477477479,0.020138689860335138,0.13477477477477479,75,374
abductive,0.16269841269841268,0.0219275884276562,0.1626984126984127,64,328
heuristic,0.1724137931034483,0.026603735485642398,0.1724137931034483,59,295
first-principles,0.12402813772676782,0.023670117783987647,0.12402813772676786,74,335
