reasoning_type,num_nodes,num_edges,density,avg_clustering,num_components,avg_path_length,diameter,avg_degree_centrality,avg_betweenness_centrality,avg_eigenvector_centrality,top_degree_elements,top_betweenness_elements
counterfactual,65,405,0.19471153846153846,0.5769661861657724,4,1.9518773135906928,4,0.19471153846153846,0.013736263736263738,0.0949458289566637,"[('fire', 0.71875), ('water', 0.640625), ('air', 0.625), ('earth', 0.484375), ('warmth', 0.4375)]","[('fire', 0.20574359812855855), ('water', 0.1714436359667412), ('air', 0.11056900189519397), ('sun', 0.08311183594762486), ('earth', 0.068840543378101)]"
systematic,75,374,0.13477477477477479,0.4706410384632891,5,2.120321931589537,4,0.13477477477477479,0.013743058126619767,0.08883007039489296,"[('water', 0.6486486486486487), ('fire', 0.5675675675675675), ('air', 0.5), ('earth', 0.472972972972973), ('energy', 0.3918918918918919)]","[('water', 0.21206650815302427), ('fire', 0.1544615459933627), ('energy', 0.11719649404941397), ('air', 0.08522876164458534), ('earth', 0.08245500535316796)]"
abductive,64,328,0.1626984126984127,0.5653688559510709,4,2.0650273224043714,4,0.16269841269841268,0.015592997951868921,0.09565858369274306,"[('water', 0.6825396825396826), ('fire', 0.6031746031746031), ('energy', 0.5555555555555556), ('heat', 0.5238095238095237), ('wind', 0.4603174603174603)]","[('water', 0.16923472661222178), ('energy', 0.1594045676753943), ('fire', 0.13461622793967196), ('ocean', 0.07611221404207191), ('heat', 0.06665973879498213)]"
heuristic,59,295,0.1724137931034483,0.4663298414317731,4,2.0876623376623376,4,0.1724137931034483,0.017174731100105617,0.10141868017007084,"[('water', 0.6724137931034483), ('energy', 0.5344827586206896), ('earth', 0.48275862068965514), ('wind', 0.4482758620689655), ('heat', 0.41379310344827586)]","[('water', 0.19159685910155078), ('energy', 0.12054354906662564), ('wind', 0.07983903578677788), ('earth', 0.07402187923643426), ('sun', 0.07337205883101891)]"
first-principles,74,335,0.12402813772676786,0.4369045315396448,2,2.229655712050078,5,0.12402813772676784,0.01616170965486034,0.08933121601475444,"[('energy', 0.5342465753424657), ('water', 0.5205479452054794), ('sun', 0.3972602739726027), ('wind', 0.3561643835616438), ('fire', 0.3424657534246575)]","[('energy', 0.28472871586840387), ('water', 0.1688060799127585), ('sun', 0.14902346519597562), ('fire', 0.09506795595668692), ('wind', 0.08976360021518591)]"
