reasoning_type,basic_element_usage,advanced_element_usage,total_element_uses
counterfactual,0.3216735253772291,0.678326474622771,1458
systematic,0.30733333333333335,0.6926666666666667,1500
abductive,0.3120567375886525,0.6879432624113475,1410
heuristic,0.2879834254143646,0.7120165745856354,1448
first-principles,0.23466666666666666,0.7653333333333333,1500
